Slug,Title,Category,SubCategory,VariationType,VariationID,SEO Title,SEO Description
gst-registration-for-ecommerce,"GST Registration for E-commerce",Tax & Compliance,E-commerce Services,industry,ecommerce,"GST Registration for E-commerce Business | LegalNest","Specialized gst registration services for e-commerce businesses. Expert guidance for high transaction volume."
gst-registration-for-restaurant,"GST Registration for Restaurant & Food Service",Tax & Compliance,Restaurant & Food Service Services,industry,restaurant,"GST Registration for Restaurant & Food Service Business | LegalNest","Specialized gst registration services for restaurant & food service businesses. Expert guidance for food safety compliance."
gst-registration-for-manufacturing,"GST Registration for Manufacturing",Tax & Compliance,Manufacturing Services,industry,manufacturing,"GST Registration for Manufacturing Business | LegalNest","Specialized gst registration services for manufacturing businesses. Expert guidance for factory compliance."
gst-registration-for-saas,"GST Registration for SaaS & Software",Tax & Compliance,SaaS & Software Services,industry,saas,"GST Registration for SaaS & Software Business | LegalNest","Specialized gst registration services for saas & software businesses. Expert guidance for IP protection."
gst-registration-for-consulting,"GST Registration for Consulting Services",Tax & Compliance,Consulting Services Services,industry,consulting,"GST Registration for Consulting Services Business | LegalNest","Specialized gst registration services for consulting services businesses. Expert guidance for professional tax."
gst-registration-for-retail,"GST Registration for Retail",Tax & Compliance,Retail Services,industry,retail,"GST Registration for Retail Business | LegalNest","Specialized gst registration services for retail businesses. Expert guidance for shop license."
gst-registration-for-healthcare,"GST Registration for Healthcare & Pharma",Tax & Compliance,Healthcare & Pharma Services,industry,healthcare,"GST Registration for Healthcare & Pharma Business | LegalNest","Specialized gst registration services for healthcare & pharma businesses. Expert guidance for medical licensing."
gst-registration-for-education,"GST Registration for Education & Training",Tax & Compliance,Education & Training Services,industry,education,"GST Registration for Education & Training Business | LegalNest","Specialized gst registration services for education & training businesses. Expert guidance for educational compliance."
private-limited-company-registration-for-ecommerce,"Private Limited Company Registration for E-commerce",Business Registration,E-commerce Services,industry,ecommerce,"Private Limited Company Registration for E-commerce Business | LegalNest","Specialized private limited company registration services for e-commerce businesses. Expert guidance for high transaction volume."
private-limited-company-registration-for-restaurant,"Private Limited Company Registration for Restaurant & Food Service",Business Registration,Restaurant & Food Service Services,industry,restaurant,"Private Limited Company Registration for Restaurant & Food Service Business | LegalNest","Specialized private limited company registration services for restaurant & food service businesses. Expert guidance for food safety compliance."
private-limited-company-registration-for-manufacturing,"Private Limited Company Registration for Manufacturing",Business Registration,Manufacturing Services,industry,manufacturing,"Private Limited Company Registration for Manufacturing Business | LegalNest","Specialized private limited company registration services for manufacturing businesses. Expert guidance for factory compliance."
private-limited-company-registration-for-saas,"Private Limited Company Registration for SaaS & Software",Business Registration,SaaS & Software Services,industry,saas,"Private Limited Company Registration for SaaS & Software Business | LegalNest","Specialized private limited company registration services for saas & software businesses. Expert guidance for IP protection."
private-limited-company-registration-for-consulting,"Private Limited Company Registration for Consulting Services",Business Registration,Consulting Services Services,industry,consulting,"Private Limited Company Registration for Consulting Services Business | LegalNest","Specialized private limited company registration services for consulting services businesses. Expert guidance for professional tax."
private-limited-company-registration-for-retail,"Private Limited Company Registration for Retail",Business Registration,Retail Services,industry,retail,"Private Limited Company Registration for Retail Business | LegalNest","Specialized private limited company registration services for retail businesses. Expert guidance for shop license."
private-limited-company-registration-for-healthcare,"Private Limited Company Registration for Healthcare & Pharma",Business Registration,Healthcare & Pharma Services,industry,healthcare,"Private Limited Company Registration for Healthcare & Pharma Business | LegalNest","Specialized private limited company registration services for healthcare & pharma businesses. Expert guidance for medical licensing."
private-limited-company-registration-for-education,"Private Limited Company Registration for Education & Training",Business Registration,Education & Training Services,industry,education,"Private Limited Company Registration for Education & Training Business | LegalNest","Specialized private limited company registration services for education & training businesses. Expert guidance for educational compliance."
trademark-registration-for-ecommerce,"Trademark Registration for E-commerce",IPR & Trademark,E-commerce Services,industry,ecommerce,"Trademark Registration for E-commerce Business | LegalNest","Specialized trademark registration services for e-commerce businesses. Expert guidance for high transaction volume."
trademark-registration-for-restaurant,"Trademark Registration for Restaurant & Food Service",IPR & Trademark,Restaurant & Food Service Services,industry,restaurant,"Trademark Registration for Restaurant & Food Service Business | LegalNest","Specialized trademark registration services for restaurant & food service businesses. Expert guidance for food safety compliance."
trademark-registration-for-manufacturing,"Trademark Registration for Manufacturing",IPR & Trademark,Manufacturing Services,industry,manufacturing,"Trademark Registration for Manufacturing Business | LegalNest","Specialized trademark registration services for manufacturing businesses. Expert guidance for factory compliance."
trademark-registration-for-saas,"Trademark Registration for SaaS & Software",IPR & Trademark,SaaS & Software Services,industry,saas,"Trademark Registration for SaaS & Software Business | LegalNest","Specialized trademark registration services for saas & software businesses. Expert guidance for IP protection."
trademark-registration-for-consulting,"Trademark Registration for Consulting Services",IPR & Trademark,Consulting Services Services,industry,consulting,"Trademark Registration for Consulting Services Business | LegalNest","Specialized trademark registration services for consulting services businesses. Expert guidance for professional tax."
trademark-registration-for-retail,"Trademark Registration for Retail",IPR & Trademark,Retail Services,industry,retail,"Trademark Registration for Retail Business | LegalNest","Specialized trademark registration services for retail businesses. Expert guidance for shop license."
trademark-registration-for-healthcare,"Trademark Registration for Healthcare & Pharma",IPR & Trademark,Healthcare & Pharma Services,industry,healthcare,"Trademark Registration for Healthcare & Pharma Business | LegalNest","Specialized trademark registration services for healthcare & pharma businesses. Expert guidance for medical licensing."
trademark-registration-for-education,"Trademark Registration for Education & Training",IPR & Trademark,Education & Training Services,industry,education,"Trademark Registration for Education & Training Business | LegalNest","Specialized trademark registration services for education & training businesses. Expert guidance for educational compliance."
income-tax-filing-for-ecommerce,"Income Tax Return Filing for E-commerce",Tax & Compliance,E-commerce Services,industry,ecommerce,"Income Tax Return Filing for E-commerce Business | LegalNest","Specialized income tax return filing services for e-commerce businesses. Expert guidance for high transaction volume."
income-tax-filing-for-restaurant,"Income Tax Return Filing for Restaurant & Food Service",Tax & Compliance,Restaurant & Food Service Services,industry,restaurant,"Income Tax Return Filing for Restaurant & Food Service Business | LegalNest","Specialized income tax return filing services for restaurant & food service businesses. Expert guidance for food safety compliance."
income-tax-filing-for-manufacturing,"Income Tax Return Filing for Manufacturing",Tax & Compliance,Manufacturing Services,industry,manufacturing,"Income Tax Return Filing for Manufacturing Business | LegalNest","Specialized income tax return filing services for manufacturing businesses. Expert guidance for factory compliance."
income-tax-filing-for-saas,"Income Tax Return Filing for SaaS & Software",Tax & Compliance,SaaS & Software Services,industry,saas,"Income Tax Return Filing for SaaS & Software Business | LegalNest","Specialized income tax return filing services for saas & software businesses. Expert guidance for IP protection."
income-tax-filing-for-consulting,"Income Tax Return Filing for Consulting Services",Tax & Compliance,Consulting Services Services,industry,consulting,"Income Tax Return Filing for Consulting Services Business | LegalNest","Specialized income tax return filing services for consulting services businesses. Expert guidance for professional tax."
income-tax-filing-for-retail,"Income Tax Return Filing for Retail",Tax & Compliance,Retail Services,industry,retail,"Income Tax Return Filing for Retail Business | LegalNest","Specialized income tax return filing services for retail businesses. Expert guidance for shop license."
income-tax-filing-for-healthcare,"Income Tax Return Filing for Healthcare & Pharma",Tax & Compliance,Healthcare & Pharma Services,industry,healthcare,"Income Tax Return Filing for Healthcare & Pharma Business | LegalNest","Specialized income tax return filing services for healthcare & pharma businesses. Expert guidance for medical licensing."
income-tax-filing-for-education,"Income Tax Return Filing for Education & Training",Tax & Compliance,Education & Training Services,industry,education,"Income Tax Return Filing for Education & Training Business | LegalNest","Specialized income tax return filing services for education & training businesses. Expert guidance for educational compliance."
msme-registration-for-ecommerce,"MSME/Udyam Registration for E-commerce",Licenses & Registration,E-commerce Services,industry,ecommerce,"MSME/Udyam Registration for E-commerce Business | LegalNest","Specialized msme/udyam registration services for e-commerce businesses. Expert guidance for high transaction volume."
msme-registration-for-restaurant,"MSME/Udyam Registration for Restaurant & Food Service",Licenses & Registration,Restaurant & Food Service Services,industry,restaurant,"MSME/Udyam Registration for Restaurant & Food Service Business | LegalNest","Specialized msme/udyam registration services for restaurant & food service businesses. Expert guidance for food safety compliance."
msme-registration-for-manufacturing,"MSME/Udyam Registration for Manufacturing",Licenses & Registration,Manufacturing Services,industry,manufacturing,"MSME/Udyam Registration for Manufacturing Business | LegalNest","Specialized msme/udyam registration services for manufacturing businesses. Expert guidance for factory compliance."
msme-registration-for-saas,"MSME/Udyam Registration for SaaS & Software",Licenses & Registration,SaaS & Software Services,industry,saas,"MSME/Udyam Registration for SaaS & Software Business | LegalNest","Specialized msme/udyam registration services for saas & software businesses. Expert guidance for IP protection."
msme-registration-for-consulting,"MSME/Udyam Registration for Consulting Services",Licenses & Registration,Consulting Services Services,industry,consulting,"MSME/Udyam Registration for Consulting Services Business | LegalNest","Specialized msme/udyam registration services for consulting services businesses. Expert guidance for professional tax."
msme-registration-for-retail,"MSME/Udyam Registration for Retail",Licenses & Registration,Retail Services,industry,retail,"MSME/Udyam Registration for Retail Business | LegalNest","Specialized msme/udyam registration services for retail businesses. Expert guidance for shop license."
msme-registration-for-healthcare,"MSME/Udyam Registration for Healthcare & Pharma",Licenses & Registration,Healthcare & Pharma Services,industry,healthcare,"MSME/Udyam Registration for Healthcare & Pharma Business | LegalNest","Specialized msme/udyam registration services for healthcare & pharma businesses. Expert guidance for medical licensing."
msme-registration-for-education,"MSME/Udyam Registration for Education & Training",Licenses & Registration,Education & Training Services,industry,education,"MSME/Udyam Registration for Education & Training Business | LegalNest","Specialized msme/udyam registration services for education & training businesses. Expert guidance for educational compliance."
fssai-license-for-ecommerce,"FSSAI Food License for E-commerce",Licenses & Registration,E-commerce Services,industry,ecommerce,"FSSAI Food License for E-commerce Business | LegalNest","Specialized fssai food license services for e-commerce businesses. Expert guidance for high transaction volume."
fssai-license-for-restaurant,"FSSAI Food License for Restaurant & Food Service",Licenses & Registration,Restaurant & Food Service Services,industry,restaurant,"FSSAI Food License for Restaurant & Food Service Business | LegalNest","Specialized fssai food license services for restaurant & food service businesses. Expert guidance for food safety compliance."
fssai-license-for-manufacturing,"FSSAI Food License for Manufacturing",Licenses & Registration,Manufacturing Services,industry,manufacturing,"FSSAI Food License for Manufacturing Business | LegalNest","Specialized fssai food license services for manufacturing businesses. Expert guidance for factory compliance."
fssai-license-for-saas,"FSSAI Food License for SaaS & Software",Licenses & Registration,SaaS & Software Services,industry,saas,"FSSAI Food License for SaaS & Software Business | LegalNest","Specialized fssai food license services for saas & software businesses. Expert guidance for IP protection."
fssai-license-for-consulting,"FSSAI Food License for Consulting Services",Licenses & Registration,Consulting Services Services,industry,consulting,"FSSAI Food License for Consulting Services Business | LegalNest","Specialized fssai food license services for consulting services businesses. Expert guidance for professional tax."
fssai-license-for-retail,"FSSAI Food License for Retail",Licenses & Registration,Retail Services,industry,retail,"FSSAI Food License for Retail Business | LegalNest","Specialized fssai food license services for retail businesses. Expert guidance for shop license."
fssai-license-for-healthcare,"FSSAI Food License for Healthcare & Pharma",Licenses & Registration,Healthcare & Pharma Services,industry,healthcare,"FSSAI Food License for Healthcare & Pharma Business | LegalNest","Specialized fssai food license services for healthcare & pharma businesses. Expert guidance for medical licensing."
fssai-license-for-education,"FSSAI Food License for Education & Training",Licenses & Registration,Education & Training Services,industry,education,"FSSAI Food License for Education & Training Business | LegalNest","Specialized fssai food license services for education & training businesses. Expert guidance for educational compliance."
shop-establishment-license-for-ecommerce,"Shop & Establishment License for E-commerce",Licenses & Registration,E-commerce Services,industry,ecommerce,"Shop & Establishment License for E-commerce Business | LegalNest","Specialized shop & establishment license services for e-commerce businesses. Expert guidance for high transaction volume."
shop-establishment-license-for-restaurant,"Shop & Establishment License for Restaurant & Food Service",Licenses & Registration,Restaurant & Food Service Services,industry,restaurant,"Shop & Establishment License for Restaurant & Food Service Business | LegalNest","Specialized shop & establishment license services for restaurant & food service businesses. Expert guidance for food safety compliance."
shop-establishment-license-for-manufacturing,"Shop & Establishment License for Manufacturing",Licenses & Registration,Manufacturing Services,industry,manufacturing,"Shop & Establishment License for Manufacturing Business | LegalNest","Specialized shop & establishment license services for manufacturing businesses. Expert guidance for factory compliance."
shop-establishment-license-for-saas,"Shop & Establishment License for SaaS & Software",Licenses & Registration,SaaS & Software Services,industry,saas,"Shop & Establishment License for SaaS & Software Business | LegalNest","Specialized shop & establishment license services for saas & software businesses. Expert guidance for IP protection."
shop-establishment-license-for-consulting,"Shop & Establishment License for Consulting Services",Licenses & Registration,Consulting Services Services,industry,consulting,"Shop & Establishment License for Consulting Services Business | LegalNest","Specialized shop & establishment license services for consulting services businesses. Expert guidance for professional tax."
shop-establishment-license-for-retail,"Shop & Establishment License for Retail",Licenses & Registration,Retail Services,industry,retail,"Shop & Establishment License for Retail Business | LegalNest","Specialized shop & establishment license services for retail businesses. Expert guidance for shop license."
shop-establishment-license-for-healthcare,"Shop & Establishment License for Healthcare & Pharma",Licenses & Registration,Healthcare & Pharma Services,industry,healthcare,"Shop & Establishment License for Healthcare & Pharma Business | LegalNest","Specialized shop & establishment license services for healthcare & pharma businesses. Expert guidance for medical licensing."
shop-establishment-license-for-education,"Shop & Establishment License for Education & Training",Licenses & Registration,Education & Training Services,industry,education,"Shop & Establishment License for Education & Training Business | LegalNest","Specialized shop & establishment license services for education & training businesses. Expert guidance for educational compliance."
llp-registration-for-ecommerce,"LLP Registration for E-commerce",Business Registration,E-commerce Services,industry,ecommerce,"LLP Registration for E-commerce Business | LegalNest","Specialized llp registration services for e-commerce businesses. Expert guidance for high transaction volume."
llp-registration-for-restaurant,"LLP Registration for Restaurant & Food Service",Business Registration,Restaurant & Food Service Services,industry,restaurant,"LLP Registration for Restaurant & Food Service Business | LegalNest","Specialized llp registration services for restaurant & food service businesses. Expert guidance for food safety compliance."
llp-registration-for-manufacturing,"LLP Registration for Manufacturing",Business Registration,Manufacturing Services,industry,manufacturing,"LLP Registration for Manufacturing Business | LegalNest","Specialized llp registration services for manufacturing businesses. Expert guidance for factory compliance."
llp-registration-for-saas,"LLP Registration for SaaS & Software",Business Registration,SaaS & Software Services,industry,saas,"LLP Registration for SaaS & Software Business | LegalNest","Specialized llp registration services for saas & software businesses. Expert guidance for IP protection."
llp-registration-for-consulting,"LLP Registration for Consulting Services",Business Registration,Consulting Services Services,industry,consulting,"LLP Registration for Consulting Services Business | LegalNest","Specialized llp registration services for consulting services businesses. Expert guidance for professional tax."
llp-registration-for-retail,"LLP Registration for Retail",Business Registration,Retail Services,industry,retail,"LLP Registration for Retail Business | LegalNest","Specialized llp registration services for retail businesses. Expert guidance for shop license."
llp-registration-for-healthcare,"LLP Registration for Healthcare & Pharma",Business Registration,Healthcare & Pharma Services,industry,healthcare,"LLP Registration for Healthcare & Pharma Business | LegalNest","Specialized llp registration services for healthcare & pharma businesses. Expert guidance for medical licensing."
llp-registration-for-education,"LLP Registration for Education & Training",Business Registration,Education & Training Services,industry,education,"LLP Registration for Education & Training Business | LegalNest","Specialized llp registration services for education & training businesses. Expert guidance for educational compliance."
gst-return-filing-for-ecommerce,"GST Return Filing for E-commerce",Tax & Compliance,E-commerce Services,industry,ecommerce,"GST Return Filing for E-commerce Business | LegalNest","Specialized gst return filing services for e-commerce businesses. Expert guidance for high transaction volume."
gst-return-filing-for-restaurant,"GST Return Filing for Restaurant & Food Service",Tax & Compliance,Restaurant & Food Service Services,industry,restaurant,"GST Return Filing for Restaurant & Food Service Business | LegalNest","Specialized gst return filing services for restaurant & food service businesses. Expert guidance for food safety compliance."
gst-return-filing-for-manufacturing,"GST Return Filing for Manufacturing",Tax & Compliance,Manufacturing Services,industry,manufacturing,"GST Return Filing for Manufacturing Business | LegalNest","Specialized gst return filing services for manufacturing businesses. Expert guidance for factory compliance."
gst-return-filing-for-saas,"GST Return Filing for SaaS & Software",Tax & Compliance,SaaS & Software Services,industry,saas,"GST Return Filing for SaaS & Software Business | LegalNest","Specialized gst return filing services for saas & software businesses. Expert guidance for IP protection."
gst-return-filing-for-consulting,"GST Return Filing for Consulting Services",Tax & Compliance,Consulting Services Services,industry,consulting,"GST Return Filing for Consulting Services Business | LegalNest","Specialized gst return filing services for consulting services businesses. Expert guidance for professional tax."
gst-return-filing-for-retail,"GST Return Filing for Retail",Tax & Compliance,Retail Services,industry,retail,"GST Return Filing for Retail Business | LegalNest","Specialized gst return filing services for retail businesses. Expert guidance for shop license."
gst-return-filing-for-healthcare,"GST Return Filing for Healthcare & Pharma",Tax & Compliance,Healthcare & Pharma Services,industry,healthcare,"GST Return Filing for Healthcare & Pharma Business | LegalNest","Specialized gst return filing services for healthcare & pharma businesses. Expert guidance for medical licensing."
gst-return-filing-for-education,"GST Return Filing for Education & Training",Tax & Compliance,Education & Training Services,industry,education,"GST Return Filing for Education & Training Business | LegalNest","Specialized gst return filing services for education & training businesses. Expert guidance for educational compliance."
partnership-firm-registration-for-ecommerce,"Partnership Firm Registration for E-commerce",Business Registration,E-commerce Services,industry,ecommerce,"Partnership Firm Registration for E-commerce Business | LegalNest","Specialized partnership firm registration services for e-commerce businesses. Expert guidance for high transaction volume."
partnership-firm-registration-for-restaurant,"Partnership Firm Registration for Restaurant & Food Service",Business Registration,Restaurant & Food Service Services,industry,restaurant,"Partnership Firm Registration for Restaurant & Food Service Business | LegalNest","Specialized partnership firm registration services for restaurant & food service businesses. Expert guidance for food safety compliance."
partnership-firm-registration-for-manufacturing,"Partnership Firm Registration for Manufacturing",Business Registration,Manufacturing Services,industry,manufacturing,"Partnership Firm Registration for Manufacturing Business | LegalNest","Specialized partnership firm registration services for manufacturing businesses. Expert guidance for factory compliance."
partnership-firm-registration-for-saas,"Partnership Firm Registration for SaaS & Software",Business Registration,SaaS & Software Services,industry,saas,"Partnership Firm Registration for SaaS & Software Business | LegalNest","Specialized partnership firm registration services for saas & software businesses. Expert guidance for IP protection."
partnership-firm-registration-for-consulting,"Partnership Firm Registration for Consulting Services",Business Registration,Consulting Services Services,industry,consulting,"Partnership Firm Registration for Consulting Services Business | LegalNest","Specialized partnership firm registration services for consulting services businesses. Expert guidance for professional tax."
partnership-firm-registration-for-retail,"Partnership Firm Registration for Retail",Business Registration,Retail Services,industry,retail,"Partnership Firm Registration for Retail Business | LegalNest","Specialized partnership firm registration services for retail businesses. Expert guidance for shop license."
partnership-firm-registration-for-healthcare,"Partnership Firm Registration for Healthcare & Pharma",Business Registration,Healthcare & Pharma Services,industry,healthcare,"Partnership Firm Registration for Healthcare & Pharma Business | LegalNest","Specialized partnership firm registration services for healthcare & pharma businesses. Expert guidance for medical licensing."
partnership-firm-registration-for-education,"Partnership Firm Registration for Education & Training",Business Registration,Education & Training Services,industry,education,"Partnership Firm Registration for Education & Training Business | LegalNest","Specialized partnership firm registration services for education & training businesses. Expert guidance for educational compliance."
copyright-registration-for-ecommerce,"Copyright Registration for E-commerce",IPR & Trademark,E-commerce Services,industry,ecommerce,"Copyright Registration for E-commerce Business | LegalNest","Specialized copyright registration services for e-commerce businesses. Expert guidance for high transaction volume."
copyright-registration-for-restaurant,"Copyright Registration for Restaurant & Food Service",IPR & Trademark,Restaurant & Food Service Services,industry,restaurant,"Copyright Registration for Restaurant & Food Service Business | LegalNest","Specialized copyright registration services for restaurant & food service businesses. Expert guidance for food safety compliance."
copyright-registration-for-manufacturing,"Copyright Registration for Manufacturing",IPR & Trademark,Manufacturing Services,industry,manufacturing,"Copyright Registration for Manufacturing Business | LegalNest","Specialized copyright registration services for manufacturing businesses. Expert guidance for factory compliance."
copyright-registration-for-saas,"Copyright Registration for SaaS & Software",IPR & Trademark,SaaS & Software Services,industry,saas,"Copyright Registration for SaaS & Software Business | LegalNest","Specialized copyright registration services for saas & software businesses. Expert guidance for IP protection."
copyright-registration-for-consulting,"Copyright Registration for Consulting Services",IPR & Trademark,Consulting Services Services,industry,consulting,"Copyright Registration for Consulting Services Business | LegalNest","Specialized copyright registration services for consulting services businesses. Expert guidance for professional tax."
copyright-registration-for-retail,"Copyright Registration for Retail",IPR & Trademark,Retail Services,industry,retail,"Copyright Registration for Retail Business | LegalNest","Specialized copyright registration services for retail businesses. Expert guidance for shop license."
copyright-registration-for-healthcare,"Copyright Registration for Healthcare & Pharma",IPR & Trademark,Healthcare & Pharma Services,industry,healthcare,"Copyright Registration for Healthcare & Pharma Business | LegalNest","Specialized copyright registration services for healthcare & pharma businesses. Expert guidance for medical licensing."
copyright-registration-for-education,"Copyright Registration for Education & Training",IPR & Trademark,Education & Training Services,industry,education,"Copyright Registration for Education & Training Business | LegalNest","Specialized copyright registration services for education & training businesses. Expert guidance for educational compliance."
patent-registration-for-ecommerce,"Patent Registration for E-commerce",IPR & Trademark,E-commerce Services,industry,ecommerce,"Patent Registration for E-commerce Business | LegalNest","Specialized patent registration services for e-commerce businesses. Expert guidance for high transaction volume."
patent-registration-for-restaurant,"Patent Registration for Restaurant & Food Service",IPR & Trademark,Restaurant & Food Service Services,industry,restaurant,"Patent Registration for Restaurant & Food Service Business | LegalNest","Specialized patent registration services for restaurant & food service businesses. Expert guidance for food safety compliance."
patent-registration-for-manufacturing,"Patent Registration for Manufacturing",IPR & Trademark,Manufacturing Services,industry,manufacturing,"Patent Registration for Manufacturing Business | LegalNest","Specialized patent registration services for manufacturing businesses. Expert guidance for factory compliance."
patent-registration-for-saas,"Patent Registration for SaaS & Software",IPR & Trademark,SaaS & Software Services,industry,saas,"Patent Registration for SaaS & Software Business | LegalNest","Specialized patent registration services for saas & software businesses. Expert guidance for IP protection."
patent-registration-for-consulting,"Patent Registration for Consulting Services",IPR & Trademark,Consulting Services Services,industry,consulting,"Patent Registration for Consulting Services Business | LegalNest","Specialized patent registration services for consulting services businesses. Expert guidance for professional tax."
patent-registration-for-retail,"Patent Registration for Retail",IPR & Trademark,Retail Services,industry,retail,"Patent Registration for Retail Business | LegalNest","Specialized patent registration services for retail businesses. Expert guidance for shop license."
patent-registration-for-healthcare,"Patent Registration for Healthcare & Pharma",IPR & Trademark,Healthcare & Pharma Services,industry,healthcare,"Patent Registration for Healthcare & Pharma Business | LegalNest","Specialized patent registration services for healthcare & pharma businesses. Expert guidance for medical licensing."
patent-registration-for-education,"Patent Registration for Education & Training",IPR & Trademark,Education & Training Services,industry,education,"Patent Registration for Education & Training Business | LegalNest","Specialized patent registration services for education & training businesses. Expert guidance for educational compliance."
import-export-code-for-ecommerce,"Import Export Code (IEC) for E-commerce",Licenses & Registration,E-commerce Services,industry,ecommerce,"Import Export Code (IEC) for E-commerce Business | LegalNest","Specialized import export code (iec) services for e-commerce businesses. Expert guidance for high transaction volume."
import-export-code-for-restaurant,"Import Export Code (IEC) for Restaurant & Food Service",Licenses & Registration,Restaurant & Food Service Services,industry,restaurant,"Import Export Code (IEC) for Restaurant & Food Service Business | LegalNest","Specialized import export code (iec) services for restaurant & food service businesses. Expert guidance for food safety compliance."
import-export-code-for-manufacturing,"Import Export Code (IEC) for Manufacturing",Licenses & Registration,Manufacturing Services,industry,manufacturing,"Import Export Code (IEC) for Manufacturing Business | LegalNest","Specialized import export code (iec) services for manufacturing businesses. Expert guidance for factory compliance."
import-export-code-for-saas,"Import Export Code (IEC) for SaaS & Software",Licenses & Registration,SaaS & Software Services,industry,saas,"Import Export Code (IEC) for SaaS & Software Business | LegalNest","Specialized import export code (iec) services for saas & software businesses. Expert guidance for IP protection."
import-export-code-for-consulting,"Import Export Code (IEC) for Consulting Services",Licenses & Registration,Consulting Services Services,industry,consulting,"Import Export Code (IEC) for Consulting Services Business | LegalNest","Specialized import export code (iec) services for consulting services businesses. Expert guidance for professional tax."
import-export-code-for-retail,"Import Export Code (IEC) for Retail",Licenses & Registration,Retail Services,industry,retail,"Import Export Code (IEC) for Retail Business | LegalNest","Specialized import export code (iec) services for retail businesses. Expert guidance for shop license."
import-export-code-for-healthcare,"Import Export Code (IEC) for Healthcare & Pharma",Licenses & Registration,Healthcare & Pharma Services,industry,healthcare,"Import Export Code (IEC) for Healthcare & Pharma Business | LegalNest","Specialized import export code (iec) services for healthcare & pharma businesses. Expert guidance for medical licensing."
import-export-code-for-education,"Import Export Code (IEC) for Education & Training",Licenses & Registration,Education & Training Services,industry,education,"Import Export Code (IEC) for Education & Training Business | LegalNest","Specialized import export code (iec) services for education & training businesses. Expert guidance for educational compliance."
tds-return-filing-for-ecommerce,"TDS Return Filing for E-commerce",Tax & Compliance,E-commerce Services,industry,ecommerce,"TDS Return Filing for E-commerce Business | LegalNest","Specialized tds return filing services for e-commerce businesses. Expert guidance for high transaction volume."
tds-return-filing-for-restaurant,"TDS Return Filing for Restaurant & Food Service",Tax & Compliance,Restaurant & Food Service Services,industry,restaurant,"TDS Return Filing for Restaurant & Food Service Business | LegalNest","Specialized tds return filing services for restaurant & food service businesses. Expert guidance for food safety compliance."
tds-return-filing-for-manufacturing,"TDS Return Filing for Manufacturing",Tax & Compliance,Manufacturing Services,industry,manufacturing,"TDS Return Filing for Manufacturing Business | LegalNest","Specialized tds return filing services for manufacturing businesses. Expert guidance for factory compliance."
tds-return-filing-for-saas,"TDS Return Filing for SaaS & Software",Tax & Compliance,SaaS & Software Services,industry,saas,"TDS Return Filing for SaaS & Software Business | LegalNest","Specialized tds return filing services for saas & software businesses. Expert guidance for IP protection."
tds-return-filing-for-consulting,"TDS Return Filing for Consulting Services",Tax & Compliance,Consulting Services Services,industry,consulting,"TDS Return Filing for Consulting Services Business | LegalNest","Specialized tds return filing services for consulting services businesses. Expert guidance for professional tax."
tds-return-filing-for-retail,"TDS Return Filing for Retail",Tax & Compliance,Retail Services,industry,retail,"TDS Return Filing for Retail Business | LegalNest","Specialized tds return filing services for retail businesses. Expert guidance for shop license."
tds-return-filing-for-healthcare,"TDS Return Filing for Healthcare & Pharma",Tax & Compliance,Healthcare & Pharma Services,industry,healthcare,"TDS Return Filing for Healthcare & Pharma Business | LegalNest","Specialized tds return filing services for healthcare & pharma businesses. Expert guidance for medical licensing."
tds-return-filing-for-education,"TDS Return Filing for Education & Training",Tax & Compliance,Education & Training Services,industry,education,"TDS Return Filing for Education & Training Business | LegalNest","Specialized tds return filing services for education & training businesses. Expert guidance for educational compliance."
one-person-company-registration-for-ecommerce,"One Person Company (OPC) Registration for E-commerce",Business Registration,E-commerce Services,industry,ecommerce,"One Person Company (OPC) Registration for E-commerce Business | LegalNest","Specialized one person company (opc) registration services for e-commerce businesses. Expert guidance for high transaction volume."
one-person-company-registration-for-restaurant,"One Person Company (OPC) Registration for Restaurant & Food Service",Business Registration,Restaurant & Food Service Services,industry,restaurant,"One Person Company (OPC) Registration for Restaurant & Food Service Business | LegalNest","Specialized one person company (opc) registration services for restaurant & food service businesses. Expert guidance for food safety compliance."
one-person-company-registration-for-manufacturing,"One Person Company (OPC) Registration for Manufacturing",Business Registration,Manufacturing Services,industry,manufacturing,"One Person Company (OPC) Registration for Manufacturing Business | LegalNest","Specialized one person company (opc) registration services for manufacturing businesses. Expert guidance for factory compliance."
one-person-company-registration-for-saas,"One Person Company (OPC) Registration for SaaS & Software",Business Registration,SaaS & Software Services,industry,saas,"One Person Company (OPC) Registration for SaaS & Software Business | LegalNest","Specialized one person company (opc) registration services for saas & software businesses. Expert guidance for IP protection."
one-person-company-registration-for-consulting,"One Person Company (OPC) Registration for Consulting Services",Business Registration,Consulting Services Services,industry,consulting,"One Person Company (OPC) Registration for Consulting Services Business | LegalNest","Specialized one person company (opc) registration services for consulting services businesses. Expert guidance for professional tax."
one-person-company-registration-for-retail,"One Person Company (OPC) Registration for Retail",Business Registration,Retail Services,industry,retail,"One Person Company (OPC) Registration for Retail Business | LegalNest","Specialized one person company (opc) registration services for retail businesses. Expert guidance for shop license."
one-person-company-registration-for-healthcare,"One Person Company (OPC) Registration for Healthcare & Pharma",Business Registration,Healthcare & Pharma Services,industry,healthcare,"One Person Company (OPC) Registration for Healthcare & Pharma Business | LegalNest","Specialized one person company (opc) registration services for healthcare & pharma businesses. Expert guidance for medical licensing."
one-person-company-registration-for-education,"One Person Company (OPC) Registration for Education & Training",Business Registration,Education & Training Services,industry,education,"One Person Company (OPC) Registration for Education & Training Business | LegalNest","Specialized one person company (opc) registration services for education & training businesses. Expert guidance for educational compliance."
trademark-objection-for-ecommerce,"Trademark Objection Reply for E-commerce",IPR & Trademark,E-commerce Services,industry,ecommerce,"Trademark Objection Reply for E-commerce Business | LegalNest","Specialized trademark objection reply services for e-commerce businesses. Expert guidance for high transaction volume."
trademark-objection-for-restaurant,"Trademark Objection Reply for Restaurant & Food Service",IPR & Trademark,Restaurant & Food Service Services,industry,restaurant,"Trademark Objection Reply for Restaurant & Food Service Business | LegalNest","Specialized trademark objection reply services for restaurant & food service businesses. Expert guidance for food safety compliance."
trademark-objection-for-manufacturing,"Trademark Objection Reply for Manufacturing",IPR & Trademark,Manufacturing Services,industry,manufacturing,"Trademark Objection Reply for Manufacturing Business | LegalNest","Specialized trademark objection reply services for manufacturing businesses. Expert guidance for factory compliance."
trademark-objection-for-saas,"Trademark Objection Reply for SaaS & Software",IPR & Trademark,SaaS & Software Services,industry,saas,"Trademark Objection Reply for SaaS & Software Business | LegalNest","Specialized trademark objection reply services for saas & software businesses. Expert guidance for IP protection."
trademark-objection-for-consulting,"Trademark Objection Reply for Consulting Services",IPR & Trademark,Consulting Services Services,industry,consulting,"Trademark Objection Reply for Consulting Services Business | LegalNest","Specialized trademark objection reply services for consulting services businesses. Expert guidance for professional tax."
trademark-objection-for-retail,"Trademark Objection Reply for Retail",IPR & Trademark,Retail Services,industry,retail,"Trademark Objection Reply for Retail Business | LegalNest","Specialized trademark objection reply services for retail businesses. Expert guidance for shop license."
trademark-objection-for-healthcare,"Trademark Objection Reply for Healthcare & Pharma",IPR & Trademark,Healthcare & Pharma Services,industry,healthcare,"Trademark Objection Reply for Healthcare & Pharma Business | LegalNest","Specialized trademark objection reply services for healthcare & pharma businesses. Expert guidance for medical licensing."
trademark-objection-for-education,"Trademark Objection Reply for Education & Training",IPR & Trademark,Education & Training Services,industry,education,"Trademark Objection Reply for Education & Training Business | LegalNest","Specialized trademark objection reply services for education & training businesses. Expert guidance for educational compliance."
sole-proprietorship-registration-for-ecommerce,"Sole Proprietorship Registration for E-commerce",Business Registration,E-commerce Services,industry,ecommerce,"Sole Proprietorship Registration for E-commerce Business | LegalNest","Specialized sole proprietorship registration services for e-commerce businesses. Expert guidance for high transaction volume."
sole-proprietorship-registration-for-restaurant,"Sole Proprietorship Registration for Restaurant & Food Service",Business Registration,Restaurant & Food Service Services,industry,restaurant,"Sole Proprietorship Registration for Restaurant & Food Service Business | LegalNest","Specialized sole proprietorship registration services for restaurant & food service businesses. Expert guidance for food safety compliance."
sole-proprietorship-registration-for-manufacturing,"Sole Proprietorship Registration for Manufacturing",Business Registration,Manufacturing Services,industry,manufacturing,"Sole Proprietorship Registration for Manufacturing Business | LegalNest","Specialized sole proprietorship registration services for manufacturing businesses. Expert guidance for factory compliance."
sole-proprietorship-registration-for-saas,"Sole Proprietorship Registration for SaaS & Software",Business Registration,SaaS & Software Services,industry,saas,"Sole Proprietorship Registration for SaaS & Software Business | LegalNest","Specialized sole proprietorship registration services for saas & software businesses. Expert guidance for IP protection."
sole-proprietorship-registration-for-consulting,"Sole Proprietorship Registration for Consulting Services",Business Registration,Consulting Services Services,industry,consulting,"Sole Proprietorship Registration for Consulting Services Business | LegalNest","Specialized sole proprietorship registration services for consulting services businesses. Expert guidance for professional tax."
sole-proprietorship-registration-for-retail,"Sole Proprietorship Registration for Retail",Business Registration,Retail Services,industry,retail,"Sole Proprietorship Registration for Retail Business | LegalNest","Specialized sole proprietorship registration services for retail businesses. Expert guidance for shop license."
sole-proprietorship-registration-for-healthcare,"Sole Proprietorship Registration for Healthcare & Pharma",Business Registration,Healthcare & Pharma Services,industry,healthcare,"Sole Proprietorship Registration for Healthcare & Pharma Business | LegalNest","Specialized sole proprietorship registration services for healthcare & pharma businesses. Expert guidance for medical licensing."
sole-proprietorship-registration-for-education,"Sole Proprietorship Registration for Education & Training",Business Registration,Education & Training Services,industry,education,"Sole Proprietorship Registration for Education & Training Business | LegalNest","Specialized sole proprietorship registration services for education & training businesses. Expert guidance for educational compliance."
annual-filing-roc-for-ecommerce,"Annual ROC Filing for E-commerce",Legal Services,E-commerce Services,industry,ecommerce,"Annual ROC Filing for E-commerce Business | LegalNest","Specialized annual roc filing services for e-commerce businesses. Expert guidance for high transaction volume."
annual-filing-roc-for-restaurant,"Annual ROC Filing for Restaurant & Food Service",Legal Services,Restaurant & Food Service Services,industry,restaurant,"Annual ROC Filing for Restaurant & Food Service Business | LegalNest","Specialized annual roc filing services for restaurant & food service businesses. Expert guidance for food safety compliance."
annual-filing-roc-for-manufacturing,"Annual ROC Filing for Manufacturing",Legal Services,Manufacturing Services,industry,manufacturing,"Annual ROC Filing for Manufacturing Business | LegalNest","Specialized annual roc filing services for manufacturing businesses. Expert guidance for factory compliance."
annual-filing-roc-for-saas,"Annual ROC Filing for SaaS & Software",Legal Services,SaaS & Software Services,industry,saas,"Annual ROC Filing for SaaS & Software Business | LegalNest","Specialized annual roc filing services for saas & software businesses. Expert guidance for IP protection."
annual-filing-roc-for-consulting,"Annual ROC Filing for Consulting Services",Legal Services,Consulting Services Services,industry,consulting,"Annual ROC Filing for Consulting Services Business | LegalNest","Specialized annual roc filing services for consulting services businesses. Expert guidance for professional tax."
annual-filing-roc-for-retail,"Annual ROC Filing for Retail",Legal Services,Retail Services,industry,retail,"Annual ROC Filing for Retail Business | LegalNest","Specialized annual roc filing services for retail businesses. Expert guidance for shop license."
annual-filing-roc-for-healthcare,"Annual ROC Filing for Healthcare & Pharma",Legal Services,Healthcare & Pharma Services,industry,healthcare,"Annual ROC Filing for Healthcare & Pharma Business | LegalNest","Specialized annual roc filing services for healthcare & pharma businesses. Expert guidance for medical licensing."
annual-filing-roc-for-education,"Annual ROC Filing for Education & Training",Legal Services,Education & Training Services,industry,education,"Annual ROC Filing for Education & Training Business | LegalNest","Specialized annual roc filing services for education & training businesses. Expert guidance for educational compliance."
legal-agreements-for-ecommerce,"Legal Agreement Drafting for E-commerce",Legal Services,E-commerce Services,industry,ecommerce,"Legal Agreement Drafting for E-commerce Business | LegalNest","Specialized legal agreement drafting services for e-commerce businesses. Expert guidance for high transaction volume."
legal-agreements-for-restaurant,"Legal Agreement Drafting for Restaurant & Food Service",Legal Services,Restaurant & Food Service Services,industry,restaurant,"Legal Agreement Drafting for Restaurant & Food Service Business | LegalNest","Specialized legal agreement drafting services for restaurant & food service businesses. Expert guidance for food safety compliance."
legal-agreements-for-manufacturing,"Legal Agreement Drafting for Manufacturing",Legal Services,Manufacturing Services,industry,manufacturing,"Legal Agreement Drafting for Manufacturing Business | LegalNest","Specialized legal agreement drafting services for manufacturing businesses. Expert guidance for factory compliance."
legal-agreements-for-saas,"Legal Agreement Drafting for SaaS & Software",Legal Services,SaaS & Software Services,industry,saas,"Legal Agreement Drafting for SaaS & Software Business | LegalNest","Specialized legal agreement drafting services for saas & software businesses. Expert guidance for IP protection."
legal-agreements-for-consulting,"Legal Agreement Drafting for Consulting Services",Legal Services,Consulting Services Services,industry,consulting,"Legal Agreement Drafting for Consulting Services Business | LegalNest","Specialized legal agreement drafting services for consulting services businesses. Expert guidance for professional tax."
legal-agreements-for-retail,"Legal Agreement Drafting for Retail",Legal Services,Retail Services,industry,retail,"Legal Agreement Drafting for Retail Business | LegalNest","Specialized legal agreement drafting services for retail businesses. Expert guidance for shop license."
legal-agreements-for-healthcare,"Legal Agreement Drafting for Healthcare & Pharma",Legal Services,Healthcare & Pharma Services,industry,healthcare,"Legal Agreement Drafting for Healthcare & Pharma Business | LegalNest","Specialized legal agreement drafting services for healthcare & pharma businesses. Expert guidance for medical licensing."
legal-agreements-for-education,"Legal Agreement Drafting for Education & Training",Legal Services,Education & Training Services,industry,education,"Legal Agreement Drafting for Education & Training Business | LegalNest","Specialized legal agreement drafting services for education & training businesses. Expert guidance for educational compliance."
tax-audit-for-ecommerce,"Tax Audit Services for E-commerce",Tax & Compliance,E-commerce Services,industry,ecommerce,"Tax Audit Services for E-commerce Business | LegalNest","Specialized tax audit services services for e-commerce businesses. Expert guidance for high transaction volume."
tax-audit-for-restaurant,"Tax Audit Services for Restaurant & Food Service",Tax & Compliance,Restaurant & Food Service Services,industry,restaurant,"Tax Audit Services for Restaurant & Food Service Business | LegalNest","Specialized tax audit services services for restaurant & food service businesses. Expert guidance for food safety compliance."
tax-audit-for-manufacturing,"Tax Audit Services for Manufacturing",Tax & Compliance,Manufacturing Services,industry,manufacturing,"Tax Audit Services for Manufacturing Business | LegalNest","Specialized tax audit services services for manufacturing businesses. Expert guidance for factory compliance."
tax-audit-for-saas,"Tax Audit Services for SaaS & Software",Tax & Compliance,SaaS & Software Services,industry,saas,"Tax Audit Services for SaaS & Software Business | LegalNest","Specialized tax audit services services for saas & software businesses. Expert guidance for IP protection."
tax-audit-for-consulting,"Tax Audit Services for Consulting Services",Tax & Compliance,Consulting Services Services,industry,consulting,"Tax Audit Services for Consulting Services Business | LegalNest","Specialized tax audit services services for consulting services businesses. Expert guidance for professional tax."
tax-audit-for-retail,"Tax Audit Services for Retail",Tax & Compliance,Retail Services,industry,retail,"Tax Audit Services for Retail Business | LegalNest","Specialized tax audit services services for retail businesses. Expert guidance for shop license."
tax-audit-for-healthcare,"Tax Audit Services for Healthcare & Pharma",Tax & Compliance,Healthcare & Pharma Services,industry,healthcare,"Tax Audit Services for Healthcare & Pharma Business | LegalNest","Specialized tax audit services services for healthcare & pharma businesses. Expert guidance for medical licensing."
tax-audit-for-education,"Tax Audit Services for Education & Training",Tax & Compliance,Education & Training Services,industry,education,"Tax Audit Services for Education & Training Business | LegalNest","Specialized tax audit services services for education & training businesses. Expert guidance for educational compliance."
drug-license-for-ecommerce,"Drug License Registration for E-commerce",Licenses & Registration,E-commerce Services,industry,ecommerce,"Drug License Registration for E-commerce Business | LegalNest","Specialized drug license registration services for e-commerce businesses. Expert guidance for high transaction volume."
drug-license-for-restaurant,"Drug License Registration for Restaurant & Food Service",Licenses & Registration,Restaurant & Food Service Services,industry,restaurant,"Drug License Registration for Restaurant & Food Service Business | LegalNest","Specialized drug license registration services for restaurant & food service businesses. Expert guidance for food safety compliance."
drug-license-for-manufacturing,"Drug License Registration for Manufacturing",Licenses & Registration,Manufacturing Services,industry,manufacturing,"Drug License Registration for Manufacturing Business | LegalNest","Specialized drug license registration services for manufacturing businesses. Expert guidance for factory compliance."
drug-license-for-saas,"Drug License Registration for SaaS & Software",Licenses & Registration,SaaS & Software Services,industry,saas,"Drug License Registration for SaaS & Software Business | LegalNest","Specialized drug license registration services for saas & software businesses. Expert guidance for IP protection."
drug-license-for-consulting,"Drug License Registration for Consulting Services",Licenses & Registration,Consulting Services Services,industry,consulting,"Drug License Registration for Consulting Services Business | LegalNest","Specialized drug license registration services for consulting services businesses. Expert guidance for professional tax."
drug-license-for-retail,"Drug License Registration for Retail",Licenses & Registration,Retail Services,industry,retail,"Drug License Registration for Retail Business | LegalNest","Specialized drug license registration services for retail businesses. Expert guidance for shop license."
drug-license-for-healthcare,"Drug License Registration for Healthcare & Pharma",Licenses & Registration,Healthcare & Pharma Services,industry,healthcare,"Drug License Registration for Healthcare & Pharma Business | LegalNest","Specialized drug license registration services for healthcare & pharma businesses. Expert guidance for medical licensing."
drug-license-for-education,"Drug License Registration for Education & Training",Licenses & Registration,Education & Training Services,industry,education,"Drug License Registration for Education & Training Business | LegalNest","Specialized drug license registration services for education & training businesses. Expert guidance for educational compliance."
design-registration-for-ecommerce,"Design Registration for E-commerce",IPR & Trademark,E-commerce Services,industry,ecommerce,"Design Registration for E-commerce Business | LegalNest","Specialized design registration services for e-commerce businesses. Expert guidance for high transaction volume."
design-registration-for-restaurant,"Design Registration for Restaurant & Food Service",IPR & Trademark,Restaurant & Food Service Services,industry,restaurant,"Design Registration for Restaurant & Food Service Business | LegalNest","Specialized design registration services for restaurant & food service businesses. Expert guidance for food safety compliance."
design-registration-for-manufacturing,"Design Registration for Manufacturing",IPR & Trademark,Manufacturing Services,industry,manufacturing,"Design Registration for Manufacturing Business | LegalNest","Specialized design registration services for manufacturing businesses. Expert guidance for factory compliance."
design-registration-for-saas,"Design Registration for SaaS & Software",IPR & Trademark,SaaS & Software Services,industry,saas,"Design Registration for SaaS & Software Business | LegalNest","Specialized design registration services for saas & software businesses. Expert guidance for IP protection."
design-registration-for-consulting,"Design Registration for Consulting Services",IPR & Trademark,Consulting Services Services,industry,consulting,"Design Registration for Consulting Services Business | LegalNest","Specialized design registration services for consulting services businesses. Expert guidance for professional tax."
design-registration-for-retail,"Design Registration for Retail",IPR & Trademark,Retail Services,industry,retail,"Design Registration for Retail Business | LegalNest","Specialized design registration services for retail businesses. Expert guidance for shop license."
design-registration-for-healthcare,"Design Registration for Healthcare & Pharma",IPR & Trademark,Healthcare & Pharma Services,industry,healthcare,"Design Registration for Healthcare & Pharma Business | LegalNest","Specialized design registration services for healthcare & pharma businesses. Expert guidance for medical licensing."
design-registration-for-education,"Design Registration for Education & Training",IPR & Trademark,Education & Training Services,industry,education,"Design Registration for Education & Training Business | LegalNest","Specialized design registration services for education & training businesses. Expert guidance for educational compliance."
legal-notice-for-ecommerce,"Legal Notice Services for E-commerce",Legal Services,E-commerce Services,industry,ecommerce,"Legal Notice Services for E-commerce Business | LegalNest","Specialized legal notice services services for e-commerce businesses. Expert guidance for high transaction volume."
legal-notice-for-restaurant,"Legal Notice Services for Restaurant & Food Service",Legal Services,Restaurant & Food Service Services,industry,restaurant,"Legal Notice Services for Restaurant & Food Service Business | LegalNest","Specialized legal notice services services for restaurant & food service businesses. Expert guidance for food safety compliance."
legal-notice-for-manufacturing,"Legal Notice Services for Manufacturing",Legal Services,Manufacturing Services,industry,manufacturing,"Legal Notice Services for Manufacturing Business | LegalNest","Specialized legal notice services services for manufacturing businesses. Expert guidance for factory compliance."
legal-notice-for-saas,"Legal Notice Services for SaaS & Software",Legal Services,SaaS & Software Services,industry,saas,"Legal Notice Services for SaaS & Software Business | LegalNest","Specialized legal notice services services for saas & software businesses. Expert guidance for IP protection."
legal-notice-for-consulting,"Legal Notice Services for Consulting Services",Legal Services,Consulting Services Services,industry,consulting,"Legal Notice Services for Consulting Services Business | LegalNest","Specialized legal notice services services for consulting services businesses. Expert guidance for professional tax."
legal-notice-for-retail,"Legal Notice Services for Retail",Legal Services,Retail Services,industry,retail,"Legal Notice Services for Retail Business | LegalNest","Specialized legal notice services services for retail businesses. Expert guidance for shop license."
legal-notice-for-healthcare,"Legal Notice Services for Healthcare & Pharma",Legal Services,Healthcare & Pharma Services,industry,healthcare,"Legal Notice Services for Healthcare & Pharma Business | LegalNest","Specialized legal notice services services for healthcare & pharma businesses. Expert guidance for medical licensing."
legal-notice-for-education,"Legal Notice Services for Education & Training",Legal Services,Education & Training Services,industry,education,"Legal Notice Services for Education & Training Business | LegalNest","Specialized legal notice services services for education & training businesses. Expert guidance for educational compliance."
company-compliance-for-ecommerce,"Company Compliance Services for E-commerce",Legal Services,E-commerce Services,industry,ecommerce,"Company Compliance Services for E-commerce Business | LegalNest","Specialized company compliance services services for e-commerce businesses. Expert guidance for high transaction volume."
company-compliance-for-restaurant,"Company Compliance Services for Restaurant & Food Service",Legal Services,Restaurant & Food Service Services,industry,restaurant,"Company Compliance Services for Restaurant & Food Service Business | LegalNest","Specialized company compliance services services for restaurant & food service businesses. Expert guidance for food safety compliance."
company-compliance-for-manufacturing,"Company Compliance Services for Manufacturing",Legal Services,Manufacturing Services,industry,manufacturing,"Company Compliance Services for Manufacturing Business | LegalNest","Specialized company compliance services services for manufacturing businesses. Expert guidance for factory compliance."
company-compliance-for-saas,"Company Compliance Services for SaaS & Software",Legal Services,SaaS & Software Services,industry,saas,"Company Compliance Services for SaaS & Software Business | LegalNest","Specialized company compliance services services for saas & software businesses. Expert guidance for IP protection."
company-compliance-for-consulting,"Company Compliance Services for Consulting Services",Legal Services,Consulting Services Services,industry,consulting,"Company Compliance Services for Consulting Services Business | LegalNest","Specialized company compliance services services for consulting services businesses. Expert guidance for professional tax."
company-compliance-for-retail,"Company Compliance Services for Retail",Legal Services,Retail Services,industry,retail,"Company Compliance Services for Retail Business | LegalNest","Specialized company compliance services services for retail businesses. Expert guidance for shop license."
company-compliance-for-healthcare,"Company Compliance Services for Healthcare & Pharma",Legal Services,Healthcare & Pharma Services,industry,healthcare,"Company Compliance Services for Healthcare & Pharma Business | LegalNest","Specialized company compliance services services for healthcare & pharma businesses. Expert guidance for medical licensing."
company-compliance-for-education,"Company Compliance Services for Education & Training",Legal Services,Education & Training Services,industry,education,"Company Compliance Services for Education & Training Business | LegalNest","Specialized company compliance services services for education & training businesses. Expert guidance for educational compliance."
legal-consultation-for-ecommerce,"Legal Consultation Services for E-commerce",Legal Services,E-commerce Services,industry,ecommerce,"Legal Consultation Services for E-commerce Business | LegalNest","Specialized legal consultation services services for e-commerce businesses. Expert guidance for high transaction volume."
legal-consultation-for-restaurant,"Legal Consultation Services for Restaurant & Food Service",Legal Services,Restaurant & Food Service Services,industry,restaurant,"Legal Consultation Services for Restaurant & Food Service Business | LegalNest","Specialized legal consultation services services for restaurant & food service businesses. Expert guidance for food safety compliance."
legal-consultation-for-manufacturing,"Legal Consultation Services for Manufacturing",Legal Services,Manufacturing Services,industry,manufacturing,"Legal Consultation Services for Manufacturing Business | LegalNest","Specialized legal consultation services services for manufacturing businesses. Expert guidance for factory compliance."
legal-consultation-for-saas,"Legal Consultation Services for SaaS & Software",Legal Services,SaaS & Software Services,industry,saas,"Legal Consultation Services for SaaS & Software Business | LegalNest","Specialized legal consultation services services for saas & software businesses. Expert guidance for IP protection."
legal-consultation-for-consulting,"Legal Consultation Services for Consulting Services",Legal Services,Consulting Services Services,industry,consulting,"Legal Consultation Services for Consulting Services Business | LegalNest","Specialized legal consultation services services for consulting services businesses. Expert guidance for professional tax."
legal-consultation-for-retail,"Legal Consultation Services for Retail",Legal Services,Retail Services,industry,retail,"Legal Consultation Services for Retail Business | LegalNest","Specialized legal consultation services services for retail businesses. Expert guidance for shop license."
legal-consultation-for-healthcare,"Legal Consultation Services for Healthcare & Pharma",Legal Services,Healthcare & Pharma Services,industry,healthcare,"Legal Consultation Services for Healthcare & Pharma Business | LegalNest","Specialized legal consultation services services for healthcare & pharma businesses. Expert guidance for medical licensing."
legal-consultation-for-education,"Legal Consultation Services for Education & Training",Legal Services,Education & Training Services,industry,education,"Legal Consultation Services for Education & Training Business | LegalNest","Specialized legal consultation services services for education & training businesses. Expert guidance for educational compliance."
ngo-registration-for-ecommerce,"NGO/Trust Registration for E-commerce",Business Registration,E-commerce Services,industry,ecommerce,"NGO/Trust Registration for E-commerce Business | LegalNest","Specialized ngo/trust registration services for e-commerce businesses. Expert guidance for high transaction volume."
ngo-registration-for-restaurant,"NGO/Trust Registration for Restaurant & Food Service",Business Registration,Restaurant & Food Service Services,industry,restaurant,"NGO/Trust Registration for Restaurant & Food Service Business | LegalNest","Specialized ngo/trust registration services for restaurant & food service businesses. Expert guidance for food safety compliance."
ngo-registration-for-manufacturing,"NGO/Trust Registration for Manufacturing",Business Registration,Manufacturing Services,industry,manufacturing,"NGO/Trust Registration for Manufacturing Business | LegalNest","Specialized ngo/trust registration services for manufacturing businesses. Expert guidance for factory compliance."
ngo-registration-for-saas,"NGO/Trust Registration for SaaS & Software",Business Registration,SaaS & Software Services,industry,saas,"NGO/Trust Registration for SaaS & Software Business | LegalNest","Specialized ngo/trust registration services for saas & software businesses. Expert guidance for IP protection."
ngo-registration-for-consulting,"NGO/Trust Registration for Consulting Services",Business Registration,Consulting Services Services,industry,consulting,"NGO/Trust Registration for Consulting Services Business | LegalNest","Specialized ngo/trust registration services for consulting services businesses. Expert guidance for professional tax."
ngo-registration-for-retail,"NGO/Trust Registration for Retail",Business Registration,Retail Services,industry,retail,"NGO/Trust Registration for Retail Business | LegalNest","Specialized ngo/trust registration services for retail businesses. Expert guidance for shop license."
ngo-registration-for-healthcare,"NGO/Trust Registration for Healthcare & Pharma",Business Registration,Healthcare & Pharma Services,industry,healthcare,"NGO/Trust Registration for Healthcare & Pharma Business | LegalNest","Specialized ngo/trust registration services for healthcare & pharma businesses. Expert guidance for medical licensing."
ngo-registration-for-education,"NGO/Trust Registration for Education & Training",Business Registration,Education & Training Services,industry,education,"NGO/Trust Registration for Education & Training Business | LegalNest","Specialized ngo/trust registration services for education & training businesses. Expert guidance for educational compliance."
iso-certification-for-ecommerce,"ISO Certification for E-commerce",Licenses & Registration,E-commerce Services,industry,ecommerce,"ISO Certification for E-commerce Business | LegalNest","Specialized iso certification services for e-commerce businesses. Expert guidance for high transaction volume."
iso-certification-for-restaurant,"ISO Certification for Restaurant & Food Service",Licenses & Registration,Restaurant & Food Service Services,industry,restaurant,"ISO Certification for Restaurant & Food Service Business | LegalNest","Specialized iso certification services for restaurant & food service businesses. Expert guidance for food safety compliance."
iso-certification-for-manufacturing,"ISO Certification for Manufacturing",Licenses & Registration,Manufacturing Services,industry,manufacturing,"ISO Certification for Manufacturing Business | LegalNest","Specialized iso certification services for manufacturing businesses. Expert guidance for factory compliance."
iso-certification-for-saas,"ISO Certification for SaaS & Software",Licenses & Registration,SaaS & Software Services,industry,saas,"ISO Certification for SaaS & Software Business | LegalNest","Specialized iso certification services for saas & software businesses. Expert guidance for IP protection."
iso-certification-for-consulting,"ISO Certification for Consulting Services",Licenses & Registration,Consulting Services Services,industry,consulting,"ISO Certification for Consulting Services Business | LegalNest","Specialized iso certification services for consulting services businesses. Expert guidance for professional tax."
iso-certification-for-retail,"ISO Certification for Retail",Licenses & Registration,Retail Services,industry,retail,"ISO Certification for Retail Business | LegalNest","Specialized iso certification services for retail businesses. Expert guidance for shop license."
iso-certification-for-healthcare,"ISO Certification for Healthcare & Pharma",Licenses & Registration,Healthcare & Pharma Services,industry,healthcare,"ISO Certification for Healthcare & Pharma Business | LegalNest","Specialized iso certification services for healthcare & pharma businesses. Expert guidance for medical licensing."
iso-certification-for-education,"ISO Certification for Education & Training",Licenses & Registration,Education & Training Services,industry,education,"ISO Certification for Education & Training Business | LegalNest","Specialized iso certification services for education & training businesses. Expert guidance for educational compliance."
professional-tax-registration-for-ecommerce,"Professional Tax Registration for E-commerce",Tax & Compliance,E-commerce Services,industry,ecommerce,"Professional Tax Registration for E-commerce Business | LegalNest","Specialized professional tax registration services for e-commerce businesses. Expert guidance for high transaction volume."
professional-tax-registration-for-restaurant,"Professional Tax Registration for Restaurant & Food Service",Tax & Compliance,Restaurant & Food Service Services,industry,restaurant,"Professional Tax Registration for Restaurant & Food Service Business | LegalNest","Specialized professional tax registration services for restaurant & food service businesses. Expert guidance for food safety compliance."
professional-tax-registration-for-manufacturing,"Professional Tax Registration for Manufacturing",Tax & Compliance,Manufacturing Services,industry,manufacturing,"Professional Tax Registration for Manufacturing Business | LegalNest","Specialized professional tax registration services for manufacturing businesses. Expert guidance for factory compliance."
professional-tax-registration-for-saas,"Professional Tax Registration for SaaS & Software",Tax & Compliance,SaaS & Software Services,industry,saas,"Professional Tax Registration for SaaS & Software Business | LegalNest","Specialized professional tax registration services for saas & software businesses. Expert guidance for IP protection."
professional-tax-registration-for-consulting,"Professional Tax Registration for Consulting Services",Tax & Compliance,Consulting Services Services,industry,consulting,"Professional Tax Registration for Consulting Services Business | LegalNest","Specialized professional tax registration services for consulting services businesses. Expert guidance for professional tax."
professional-tax-registration-for-retail,"Professional Tax Registration for Retail",Tax & Compliance,Retail Services,industry,retail,"Professional Tax Registration for Retail Business | LegalNest","Specialized professional tax registration services for retail businesses. Expert guidance for shop license."
professional-tax-registration-for-healthcare,"Professional Tax Registration for Healthcare & Pharma",Tax & Compliance,Healthcare & Pharma Services,industry,healthcare,"Professional Tax Registration for Healthcare & Pharma Business | LegalNest","Specialized professional tax registration services for healthcare & pharma businesses. Expert guidance for medical licensing."
professional-tax-registration-for-education,"Professional Tax Registration for Education & Training",Tax & Compliance,Education & Training Services,industry,education,"Professional Tax Registration for Education & Training Business | LegalNest","Specialized professional tax registration services for education & training businesses. Expert guidance for educational compliance."
labour-license-for-ecommerce,"Labour License Registration for E-commerce",Licenses & Registration,E-commerce Services,industry,ecommerce,"Labour License Registration for E-commerce Business | LegalNest","Specialized labour license registration services for e-commerce businesses. Expert guidance for high transaction volume."
labour-license-for-restaurant,"Labour License Registration for Restaurant & Food Service",Licenses & Registration,Restaurant & Food Service Services,industry,restaurant,"Labour License Registration for Restaurant & Food Service Business | LegalNest","Specialized labour license registration services for restaurant & food service businesses. Expert guidance for food safety compliance."
labour-license-for-manufacturing,"Labour License Registration for Manufacturing",Licenses & Registration,Manufacturing Services,industry,manufacturing,"Labour License Registration for Manufacturing Business | LegalNest","Specialized labour license registration services for manufacturing businesses. Expert guidance for factory compliance."
labour-license-for-saas,"Labour License Registration for SaaS & Software",Licenses & Registration,SaaS & Software Services,industry,saas,"Labour License Registration for SaaS & Software Business | LegalNest","Specialized labour license registration services for saas & software businesses. Expert guidance for IP protection."
labour-license-for-consulting,"Labour License Registration for Consulting Services",Licenses & Registration,Consulting Services Services,industry,consulting,"Labour License Registration for Consulting Services Business | LegalNest","Specialized labour license registration services for consulting services businesses. Expert guidance for professional tax."
labour-license-for-retail,"Labour License Registration for Retail",Licenses & Registration,Retail Services,industry,retail,"Labour License Registration for Retail Business | LegalNest","Specialized labour license registration services for retail businesses. Expert guidance for shop license."
labour-license-for-healthcare,"Labour License Registration for Healthcare & Pharma",Licenses & Registration,Healthcare & Pharma Services,industry,healthcare,"Labour License Registration for Healthcare & Pharma Business | LegalNest","Specialized labour license registration services for healthcare & pharma businesses. Expert guidance for medical licensing."
labour-license-for-education,"Labour License Registration for Education & Training",Licenses & Registration,Education & Training Services,industry,education,"Labour License Registration for Education & Training Business | LegalNest","Specialized labour license registration services for education & training businesses. Expert guidance for educational compliance."
startup-india-registration-for-ecommerce,"Startup India Registration for E-commerce",Business Registration,E-commerce Services,industry,ecommerce,"Startup India Registration for E-commerce Business | LegalNest","Specialized startup india registration services for e-commerce businesses. Expert guidance for high transaction volume."
startup-india-registration-for-restaurant,"Startup India Registration for Restaurant & Food Service",Business Registration,Restaurant & Food Service Services,industry,restaurant,"Startup India Registration for Restaurant & Food Service Business | LegalNest","Specialized startup india registration services for restaurant & food service businesses. Expert guidance for food safety compliance."
startup-india-registration-for-manufacturing,"Startup India Registration for Manufacturing",Business Registration,Manufacturing Services,industry,manufacturing,"Startup India Registration for Manufacturing Business | LegalNest","Specialized startup india registration services for manufacturing businesses. Expert guidance for factory compliance."
startup-india-registration-for-saas,"Startup India Registration for SaaS & Software",Business Registration,SaaS & Software Services,industry,saas,"Startup India Registration for SaaS & Software Business | LegalNest","Specialized startup india registration services for saas & software businesses. Expert guidance for IP protection."
startup-india-registration-for-consulting,"Startup India Registration for Consulting Services",Business Registration,Consulting Services Services,industry,consulting,"Startup India Registration for Consulting Services Business | LegalNest","Specialized startup india registration services for consulting services businesses. Expert guidance for professional tax."
startup-india-registration-for-retail,"Startup India Registration for Retail",Business Registration,Retail Services,industry,retail,"Startup India Registration for Retail Business | LegalNest","Specialized startup india registration services for retail businesses. Expert guidance for shop license."
startup-india-registration-for-healthcare,"Startup India Registration for Healthcare & Pharma",Business Registration,Healthcare & Pharma Services,industry,healthcare,"Startup India Registration for Healthcare & Pharma Business | LegalNest","Specialized startup india registration services for healthcare & pharma businesses. Expert guidance for medical licensing."
startup-india-registration-for-education,"Startup India Registration for Education & Training",Business Registration,Education & Training Services,industry,education,"Startup India Registration for Education & Training Business | LegalNest","Specialized startup india registration services for education & training businesses. Expert guidance for educational compliance."